{"Outputs":{"0":0.0,"1":120.2869916458,"2":460.9549890769,"3":72.1474376149}}